{
  "f0100033": 0.7216578057615507,
  "f0100034": 0.9803471668071713,
  "f010010": 1.2956196002745204,
  "f01001984": 1.0243304990681692,
  "f010035": 1.3270448725947734,
  "f010048": 1.4814297236004186,
  "f010078": 0.44794092859090506,
  "f010088": 0.07217952568219851,
  "f0101016": 1.486460038013619,
  "f0101017": 1.483690729490183,
  "f0101018": 1.160642039814623,
  "f0101019": 1.4814645507683177,
  "f0101069": 0.6768848456029544,
  "f01012": 1.4734227905994493,
  "f0101387": 0.9056820064215874,
  "f0101403": 0.986856056861504,
  "f0101570": 0.479027447492214,
  "f01016255": 1.1889055816301117,
  "f01016365": 1.0433400088016236,
  "f01016806": 0.7934334056289634,
  "f01016882": 1.0542791371764566,
  "f01019009": 4.697366392435256,
  "f0102187": 0.7787308181849736,
  "f0102358": 0.7969663850666708,
  "f0102374": 1.0591337922971293,
  "f0102375": 1.0674730539456356,
  "f0102376": 1.0540114519577581,
  "f010241": 1.3371548405044957,
  "f01024569": 0.8377321611086403,
  "f010247": 1.908932584817369,
  "f01024814": 1.3855424507683367,
  "f01024886": 1.0585131266841286,
  "f0102513": 1.065873376603623,
  "f010253": 1.337957267763571,
  "f01025366": 0.6668555976264844,
  "f010254": 0.9132826376527312,
  "f01025778": 1.0235873400967246,
  "f01025894": 1.0075104653035547,
  "f0102641": 1.0878091421464924,
  "f0102670": 0.8109652377526002,
  "f010268": 39.817920983089124,
  "f01028659": 0.9974492541718077,
  "f01029201": 7.372684680984554,
  "f010299": 0.44609316683387285,
  "f010305": 1.2284048565477699,
  "f010308": 1.2932798026974628,
  "f0103162": 0.8551797339315889,
  "f0103282": 1.1159710622062966,
  "f01033390": 0.41922421487041855,
  "f01033857": 1.0547943182612762,
  "f0103396": 0.9521241537658125,
  "f0103619": 3.343302019450204,
  "f010362": 0.652908842603173,
  "f01036234": 1.036112631166675,
  "f0103710": 0.8991168223614295,
  "f01037628": 1.0669256125656907,
  "f01038099": 1.0156832104210043,
  "f01038170": 112.8464312196143,
  "f010382": 1.506370890888821,
  "f0103851": 1.0194700242156123,
  "f01039350": 1.0421002378553477,
  "f01039576": 1.0589520825831504,
  "f01039753": 0.8259709792828489,
  "f010399": 1.2845808307999098,
  "f010400": 1.284225823583437,
  "f010405": 1.8433865683328174,
  "f01040707": 171.47313907383926,
  "f0104103": 0.7832952161734322,
  "f010419": 0.6825007104446874,
  "f01042229": 0.4989469046949479,
  "f0104380": 9.432072815084377,
  "f0104398": 0.6830118505874768,
  "f01044086": 1.0483750295571708,
  "f010446": 0.7695371326682429,
  "f01045078": 0.8396901239099046,
  "f01045784": 3.789575468951083,
  "f0104654": 0.6470921643325567,
  "f0104671": 0.9133320321949082,
  "f010479": 0.7054313286729211,
  "f010490": 159.43536415753573,
  "f010491": 1.2410427372982509,
  "f010493": 1.378782457374454,
  "f01049468": 1.0342886838609608,
  "f010498": 1.3663976465237997,
  "f010501": 1.3623736578430063,
  "f01050158": 1.0803045295481883,
  "f01050286": 1.0504774044344571,
  "f010505": 1.3513059019325577,
  "f010507": 1.3078851984719826,
  "f01051178": 0.3048248787918398,
  "f010513": 1.3466489530424286,
  "f010517": 0.7511828301886224,
  "f01051828": 0.9314868182809046,
  "f010520": 0.6449065370158453,
  "f010523": 1.37442662833511,
  "f010528": 1.3833398549631788,
  "f010541": 1.7160819016383264,
  "f010551": 2.175255313068997,
  "f010558": 0.5168451474916415,
  "f010559": 28.29805265283819,
  "f01056782": 1.0690476723301927,
  "f01057303": 1.0117068912802942,
  "f010591": 0.990996561354486,
  "f010607": 6.6780264293255795,
  "f01061547": 1.0551496500717348,
  "f0106256": 0.9276621401578317,
  "f0106363": 0.5781387383023288,
  "f01063832": 1.0654446012139285,
  "f01063833": 1.0284508952821767,
  "f01068331": 69.83452519499556,
  "f01069268": 1.2168612131021517,
  "f01070149": 0.9979177494404168,
  "f01070558": 1.0591397629000583,
  "f0107118": 1.2724657376197475,
  "f01071719": 0.8284263009492396,
  "f0107308": 1.0185853229571868,
  "f0107322": 0.8820376707961833,
  "f01074953": 0.8595129015888109,
  "f0107536": 0.7410958398133182,
  "f01075904": 1.460119145936088,
  "f01076644": 1.018464473453781,
  "f01077516": 1.0675344258951462,
  "f0107753": 1.1214553722160505,
  "f01077708": 0.8277912106910129,
  "f0107916": 0.017942956591457452,
  "f01079646": 1.7952648350064477,
  "f01081349": 0.7428888849796389,
  "f01082277": 1.0083837554013824,
  "f01082888": 0.673780588891576,
  "f01083168": 0.9914672755270287,
  "f01084913": 1.0427687031979305,
  "f01085688": 1.2674112720688013,
  "f01085801": 0.8833130708647944,
  "f01086553": 0.944210409864695,
  "f0108672": 1.2223720300597491,
  "f01086808": 1.0019851396461807,
  "f01087002": 1.0212594968323543,
  "f01087243": 1.1241308537429602,
  "f01089422": 1.0726248363344861,
  "f0109040": 0.8764437553683941,
  "f0109043": 0.6504034903509917,
  "f0109272": 0.9997336700509966,
  "f0109309": 0.9626248004472548,
  "f0109349": 1.100114275307315,
  "f01094602": 1.0377727202409417,
  "f0109565": 20.05289785650214,
  "f01095915": 1.0574766120851946,
  "f0109606": 0.9503949414322376,
  "f0109713": 1.0850307756394142,
  "f0109743": 1.2541968028743993,
  "f01097836": 1.0018245559454735,
  "f01097957": 1.0509747528119475,
  "f01098119": 1.0122888352746775,
  "f01098514": 1.032702901668095,
  "f0109901": 1.3708318887274846,
  "f01099312": 0.33673212408951564,
  "f01099362": 1.2408631440986158,
  "f01099739": 0.9093052986095075,
  "f01099820": 0.5749937148690649,
  "f01100262": 0.7023637178803169,
  "f0110110": 1.0574009308995744,
  "f0110133": 1.3745161552818368,
  "f01102": 8.825272938494917,
  "f01102194": 3.533755394880377,
  "f0110261": 0.9043192603540461,
  "f0110283": 0.718710269795412,
  "f01103841": 0.6056729658292854,
  "f01103923": 0.9926470492536993,
  "f01104018": 0.8936057864670065,
  "f01104210": 11.785865711328082,
  "f0110442": 0.8696179156216219,
  "f0110488": 1.3354996211737322,
  "f01104889": 0.8761081175920623,
  "f01104909": 0.7457762218013684,
  "f0110567": 36.812762350922526,
  "f01105825": 0.6236432224863073,
  "f01105927": 1.046443307722212,
  "f01106157": 1.0456382631300494,
  "f01106276": 1.0002312373763853,
  "f01106730": 6.2469979921323695,
  "f01106820": 1.0130675850497355,
  "f01106888": 1.0865872218846415,
  "f0110695": 0.9906474723117105,
  "f0110696": 1.005503398658855,
  "f0110795": 22.699611310247768,
  "f01108733": 26.230223374199344,
  "f0110936": 1.1184112775252122,
  "f0110944": 1.110559421069034,
  "f01110284": 0.9268410032256179,
  "f01111457": 1.0460563861056233,
  "f01111673": 14.785122820466272,
  "f0111174": 1.0868220072714974,
  "f0111175": 0.9884965120375961,
  "f01112647": 7.9596367870433875,
  "f01112955": 40.13589323110689,
  "f0111343": 0.7746124358169619,
  "f0111384": 0.8763164776485326,
  "f0111447": 0.826438246123826,
  "f0111463": 0.8424388067271784,
  "f0111467": 0.9032268251305633,
  "f0111469": 0.9220260622786833,
  "f0111499": 1.0740270798201141,
  "f0111658": 1.1132844670457904,
  "f01117206": 0.4569020655942449,
  "f01118739": 1.0385760347896953,
  "f01119631": 1.0211369309601332,
  "f01119852": 1.025507978108627,
  "f0111986": 12.248638188026472,
  "f01119890": 1.01718751571968,
  "f01120248": 0.993015936338471,
  "f0112027": 1.4340693124800838,
  "f01120291": 0.9654024217533501,
  "f0112087": 1.0926721499557903,
  "f01121994": 60.126065082349825,
  "f01122640": 1.026384876754294,
  "f01123232": 1.0076305070383815,
  "f01124409": 12.618994311755559,
  "f01124710": 239.3909283049324,
  "f01125783": 1.045242275999616,
  "f01125834": 1.0399573341810096,
  "f01127678": 0.5939256739031985,
  "f0112772": 1.5104060546402012,
  "f0112781": 1.0578538426073945,
  "f0112787": 0.9324238700412814,
  "f01128213": 1.0169993927684997,
  "f01128320": 0.9956271059511347,
  "f01128326": 0.8463587597404417,
  "f01128462": 0.704152658285071,
  "f01129528": 1.0143333248226654,
  "f01129570": 1.049495621320486,
  "f01129866": 0.8416529987196295,
  "f0113008": 0.6321029184612724,
  "f01130100": 0.877611651034616,
  "f01130388": 1.0002593726643956,