{
  "f0100033": 0.722508157957148,
  "f0100034": 0.9815470845121409,
  "f010010": 1.297354437006272,
  "f01001984": 1.026014171356024,
  "f010035": 1.3288684363284473,
  "f010048": 1.4830019840183302,
  "f010078": 0.4484045980942932,
  "f010088": 0.07228403872739185,
  "f0101016": 1.4882278144710277,
  "f0101017": 1.4855333784503226,
  "f0101018": 1.1621026187832213,
  "f0101019": 1.4832598194225417,
  "f0101069": 0.6776645188855644,
  "f01012": 1.4753189068894221,
  "f0101387": 0.9067580334984059,
  "f0101403": 0.9880306834697922,
  "f0101570": 0.4797655027884176,
  "f01016255": 1.1906964530340567,
  "f01016365": 1.0449764094818323,
  "f01016806": 0.7948873016741814,
  "f01016882": 1.0559091958517384,
  "f01019009": 4.704393417694105,
  "f0102187": 0.7798324100548327,
  "f0102358": 0.7978990523882614,
  "f0102374": 1.0605728437630924,
  "f0102375": 1.0688798807615978,
  "f0102376": 1.0554400191125148,
  "f010241": 1.3385623870130228,
  "f01024569": 0.8392381727042638,
  "f010247": 1.910978268948947,
  "f01024814": 1.3879074537845535,
  "f01024886": 1.0601401019511993,
  "f0102513": 1.067361924368332,
  "f010253": 1.3393667836189556,
  "f01025366": 0.6681523935777843,
  "f010254": 0.9146724920906337,
  "f01025778": 1.025227687286754,
  "f01025894": 1.0092223675774266,
  "f0102641": 1.0891971099998397,
  "f0102670": 0.8123291449120663,
  "f010268": 39.85884103938393,
  "f01028659": 0.9991686523517961,
  "f01029201": 7.383444978008896,
  "f010299": 0.4465687975937,
  "f010305": 1.230881583751437,
  "f010308": 1.2946612413248715,
  "f0103162": 0.8564573324972676,
  "f0103282": 1.1173276151929734,
  "f01033390": 0.420100490861262,
  "f01033857": 1.0564038229553814,
  "f0103396": 0.9537896881585352,
  "f0103619": 3.347197164631262,
  "f010362": 0.6535882444452566,
  "f01036234": 1.0377648479035868,
  "f0103710": 0.9004778037222323,
  "f01037628": 1.0685202466796129,
  "f01038099": 1.0173769412969083,
  "f01038170": 113.0108346560754,
  "f010382": 1.5079228843823935,
  "f0103851": 1.021001870528804,
  "f01039350": 1.0437381039324132,
  "f01039576": 1.060552943831942,
  "f01039753": 0.8275073728200715,
  "f010399": 1.2861123366926277,
  "f010400": 1.286038379984513,
  "f010405": 1.8453941038322188,
  "f01040707": 171.72621125448964,
  "f0104103": 0.784222801095566,
  "f010419": 0.6832040132634793,
  "f01042229": 0.49992128890519066,
  "f0104380": 9.442980757447964,
  "f0104398": 0.6838156092657718,
  "f01044086": 1.0499988989522488,
  "f010446": 0.7708582004873408,
  "f01045078": 0.8411900356858505,
  "f01045784": 3.796484249845987,
  "f0104654": 0.6478533577886625,
  "f0104671": 0.9148018685168988,
  "f010479": 0.7065318297559253,
  "f010490": 159.5993811503884,
  "f010491": 1.2431630112426897,
  "f010493": 1.3802841305139568,
  "f01049468": 1.0359443819571463,
  "f010498": 1.3678890444680711,
  "f010501": 1.363812226579169,
  "f01050158": 1.0819297311253815,
  "f01050286": 1.0521013828492747,
  "f010505": 1.3527773663587157,
  "f010507": 1.3096418307609594,
  "f01051178": 0.30533003231089784,
  "f010513": 1.3481138918402,
  "f010517": 0.7519619931515474,
  "f01051828": 0.9328926011675228,
  "f010520": 0.6455738556773297,
  "f010523": 1.3758895578968808,
  "f010528": 1.3848473542021371,
  "f010541": 1.7178871178433748,
  "f010551": 2.1775146240973746,
  "f010558": 0.5174366365473615,
  "f010559": 28.329056307611236
}
